timestamp,value
4/6/2014 4:55,20.65478056
4/6/2014 5:00,21.96304862
4/6/2014 5:05,21.29381426
4/6/2014 5:10,20.98296455
4/6/2014 5:15,18.83218662
4/6/2014 5:20,21.50455914
4/6/2014 5:25,20.10315537
4/6/2014 5:30,21.55716009
4/6/2014 5:35,19.31931132
4/6/2014 5:40,18.24820421
4/6/2014 5:45,19.90390387
4/6/2014 5:50,19.07935042
4/6/2014 5:55,20.86091716
4/6/2014 6:00,21.82842621
4/6/2014 6:05,20.7638966
4/6/2014 6:10,21.54773572
4/6/2014 6:15,19.81209605
4/6/2014 6:20,21.08656295
4/6/2014 6:25,21.37217375
4/6/2014 6:30,20.84350251
4/6/2014 6:35,20.03110914
4/6/2014 6:40,20.50346444
4/6/2014 6:45,20.80202798
4/6/2014 6:50,19.01233761
4/6/2014 6:55,21.23831704
4/6/2014 7:00,21.80129816
4/6/2014 7:05,19.86095726
4/6/2014 7:10,20.80426873
4/6/2014 7:15,20.94810362
4/6/2014 7:20,20.64899019
4/6/2014 7:25,20.18846043
4/6/2014 7:30,21.52659182
4/6/2014 7:35,19.79570684
4/6/2014 7:40,18.24441183
4/6/2014 7:45,21.3782255
4/6/2014 7:50,20.69592509
4/6/2014 7:55,21.39703451
4/6/2014 8:00,18.55418977
4/6/2014 8:05,18.12301176
4/6/2014 8:10,21.73749816
4/6/2014 8:15,18.59091322
4/6/2014 8:20,21.23860933
4/6/2014 8:25,21.29283977
4/6/2014 8:30,20.8348208
4/6/2014 8:35,18.52504884
4/6/2014 8:40,20.6695945
4/6/2014 8:45,21.55634633
4/6/2014 8:50,19.70212658
4/6/2014 8:55,19.65406742
4/6/2014 9:00,67.22287301
4/6/2014 9:05,62.31889771
4/6/2014 9:10,73.33154774
4/6/2014 9:15,73.02088695
4/6/2014 9:20,74.77156678
4/6/2014 9:25,69.15849072
4/6/2014 9:30,71.41620626
4/6/2014 9:35,63.95633793
4/6/2014 9:40,70.27839193
4/6/2014 9:45,70.03636674
4/6/2014 9:50,73.45643881
4/6/2014 9:55,72.49878103
4/6/2014 10:00,84.4049995
4/6/2014 10:05,83.3242955
4/6/2014 10:10,83.32212925
4/6/2014 10:15,70.82898603
4/6/2014 10:20,82.96932951
4/6/2014 10:25,79.26806468
4/6/2014 10:30,75.74449789
4/6/2014 10:35,70.71710697
4/6/2014 10:40,80.35749698
4/6/2014 10:45,74.93369117
4/6/2014 10:50,77.09988763
4/6/2014 10:55,80.42042534
4/6/2014 11:00,86.0688624
4/6/2014 11:05,84.69574871
4/6/2014 11:10,78.73429674
4/6/2014 11:15,77.73530334
4/6/2014 11:20,75.38145697
4/6/2014 11:25,77.49107505
4/6/2014 11:30,73.33408174
4/6/2014 11:35,87.01246201
4/6/2014 11:40,80.69558303
4/6/2014 11:45,73.60062412
4/6/2014 11:50,77.17902677
4/6/2014 11:55,80.26811054
4/6/2014 12:00,80.42953878
4/6/2014 12:05,72.48097223
4/6/2014 12:10,87.1088004
4/6/2014 12:15,76.31432369
4/6/2014 12:20,72.17224396
4/6/2014 12:25,73.13523642
4/6/2014 12:30,81.18557871
4/6/2014 12:35,74.11552285
4/6/2014 12:40,72.58039557
4/6/2014 12:45,77.98033463
4/6/2014 12:50,81.86582206
4/6/2014 12:55,73.70088955
4/6/2014 13:00,76.99476214
4/6/2014 13:05,78.66528655
4/6/2014 13:10,74.53346924
4/6/2014 13:15,80.07795905
4/6/2014 13:20,73.34581817
4/6/2014 13:25,72.72683731
4/6/2014 13:30,80.29808971
4/6/2014 13:35,75.94811964
4/6/2014 13:40,73.50833469
4/6/2014 13:45,78.76369358
4/6/2014 13:50,86.62145769
4/6/2014 13:55,83.56701825
4/6/2014 14:00,85.04577225
4/6/2014 14:05,85.94649819
4/6/2014 14:10,87.55784088
4/6/2014 14:15,84.207903
4/6/2014 14:20,81.73060349
4/6/2014 14:25,77.84307744
4/6/2014 14:30,74.90269628
4/6/2014 14:35,82.98257463
4/6/2014 14:40,87.91497966
4/6/2014 14:45,79.47392402
4/6/2014 14:50,83.5748581
4/6/2014 14:55,79.91764297
4/6/2014 15:00,78.91017723
4/6/2014 15:05,78.56413559
4/6/2014 15:10,80.07322622
4/6/2014 15:15,77.86958303
4/6/2014 15:20,83.97956694
4/6/2014 15:25,85.98752694
4/6/2014 15:30,86.1253381
4/6/2014 15:35,75.64245324
4/6/2014 15:40,86.33371741
4/6/2014 15:45,77.46407605
4/6/2014 15:50,76.94818394
4/6/2014 15:55,83.62729409
4/6/2014 16:00,76.87499384
4/6/2014 16:05,72.84732262
4/6/2014 16:10,77.97773464
4/6/2014 16:15,83.5432892
4/6/2014 16:20,77.23118644
4/6/2014 16:25,82.07278732
4/6/2014 16:30,82.56175259
4/6/2014 16:35,83.73961541
4/6/2014 16:40,86.35392166
4/6/2014 16:45,78.92088046
4/6/2014 16:50,74.66276987
4/6/2014 16:55,77.10266341
4/6/2014 17:00,78.91464578
4/6/2014 17:05,83.42223148
4/6/2014 17:10,72.20992628
4/6/2014 17:15,77.05253655
4/6/2014 17:20,84.47744886
4/6/2014 17:25,82.73369148
4/6/2014 17:30,83.70780743
4/6/2014 17:35,84.98893968
4/6/2014 17:40,84.53173904
4/6/2014 17:45,82.91489882
4/6/2014 17:50,79.03455417
4/6/2014 17:55,87.73753957
4/6/2014 18:00,32.44206222
4/6/2014 18:05,30.09771716
4/6/2014 18:10,30.67399638
4/6/2014 18:15,33.23879334
4/6/2014 18:20,34.71832655
4/6/2014 18:25,29.94380308
4/6/2014 18:30,29.32701194
4/6/2014 18:35,34.44179209
4/6/2014 18:40,34.65777241
4/6/2014 18:45,30.56882194
4/6/2014 18:50,31.21462264
4/6/2014 18:55,33.02519684
4/6/2014 19:00,21.63808531
4/6/2014 19:05,24.08966969
4/6/2014 19:10,20.64195146
4/6/2014 19:15,20.33015923
4/6/2014 19:20,21.09401705
4/6/2014 19:25,21.44167207
4/6/2014 19:30,20.66591
4/6/2014 19:35,20.454292
4/6/2014 19:40,23.54512126
4/6/2014 19:45,20.89595787
4/6/2014 19:50,24.25437012
4/6/2014 19:55,21.80863729
4/6/2014 20:00,21.17880114
4/6/2014 20:05,19.35524683
4/6/2014 20:10,19.41636183
4/6/2014 20:15,20.78600865
4/6/2014 20:20,20.72839317
4/6/2014 20:25,21.58071466
4/6/2014 20:30,21.53600304
4/6/2014 20:35,21.17913683
4/6/2014 20:40,20.27163855
4/6/2014 20:45,22.08006276
4/6/2014 20:50,20.98208124
4/6/2014 20:55,22.48785275
4/6/2014 21:00,21.37961112
4/6/2014 21:05,18.26448995
4/6/2014 21:10,19.37493098
4/6/2014 21:15,20.38488283
4/6/2014 21:20,20.98613032
4/6/2014 21:25,20.2983124
4/6/2014 21:30,21.24601534
4/6/2014 21:35,19.22244955
4/6/2014 21:40,18.82557927
4/6/2014 21:45,18.30310189
4/6/2014 21:50,20.39066255
4/6/2014 21:55,20.85401914
4/6/2014 22:00,19.32313127
4/6/2014 22:05,20.47397289
4/6/2014 22:10,18.2261092
4/6/2014 22:15,18.41483466
4/6/2014 22:20,20.82699382
4/6/2014 22:25,19.4909722
4/6/2014 22:30,20.70519404
4/6/2014 22:35,21.34735828
4/6/2014 22:40,21.43104381
4/6/2014 22:45,18.7066117
4/6/2014 22:50,19.96428962
4/6/2014 22:55,20.95580516
4/6/2014 23:00,21.0999728
4/6/2014 23:05,21.14276255
4/6/2014 23:10,18.91630057
4/6/2014 23:15,18.77374314
4/6/2014 23:20,20.363959
4/6/2014 23:25,20.96836834
4/6/2014 23:30,19.28025916
4/6/2014 23:35,18.42235704
4/6/2014 23:40,20.87099199
4/6/2014 23:45,19.20247749
4/6/2014 23:50,18.66903466
4/6/2014 23:55,18.59446356
4/7/2014 0:00,19.25963819
4/7/2014 0:05,20.37071226
4/7/2014 0:10,19.43360895
4/7/2014 0:15,18.08264741
4/7/2014 0:20,18.38763374
4/7/2014 0:25,19.16201299
4/7/2014 0:30,20.63881793
4/7/2014 0:35,18.39406029
4/7/2014 0:40,20.24262741
4/7/2014 0:45,18.47954348
4/7/2014 0:50,18.84646131
4/7/2014 0:55,18.68875411
4/7/2014 1:00,18.26891454
4/7/2014 1:05,20.68531927
4/7/2014 1:10,19.85361419
4/7/2014 1:15,21.32421376
4/7/2014 1:20,18.39556336
4/7/2014 1:25,18.57893173
4/7/2014 1:30,19.22583093
4/7/2014 1:35,21.06346395
4/7/2014 1:40,19.22303529
4/7/2014 1:45,19.63367483
4/7/2014 1:50,19.20641427
4/7/2014 1:55,18.32089717
4/7/2014 2:00,21.75773449
4/7/2014 2:05,20.19415597
4/7/2014 2:10,21.15133275
4/7/2014 2:15,20.63342837
4/7/2014 2:20,20.05701712
4/7/2014 2:25,18.35871303
4/7/2014 2:30,20.57093418
4/7/2014 2:35,18.62148142
4/7/2014 2:40,19.65753268
4/7/2014 2:45,20.51645257
4/7/2014 2:50,21.128916
4/7/2014 2:55,20.7401807
4/7/2014 3:00,20.68613412
4/7/2014 3:05,18.59616884
4/7/2014 3:10,19.38451416
4/7/2014 3:15,18.17164909
4/7/2014 3:20,20.87790757
4/7/2014 3:25,21.81034393
4/7/2014 3:30,19.05644156
4/7/2014 3:35,18.35078684
4/7/2014 3:40,19.90228031
4/7/2014 3:45,21.42679289
4/7/2014 3:50,20.20789678
4/7/2014 3:55,18.1871086
4/7/2014 4:00,21.89708896
4/7/2014 4:05,21.31459964
4/7/2014 4:10,18.52637631
4/7/2014 4:15,21.68719103
4/7/2014 4:20,19.80275315
4/7/2014 4:25,19.48759196
4/7/2014 4:30,19.84421332
4/7/2014 4:35,21.33828783
4/7/2014 4:40,20.63791871
4/7/2014 4:45,18.23699381
4/7/2014 4:50,21.83041748
4/7/2014 4:55,18.59113653
4/7/2014 5:00,20.98227181
4/7/2014 5:05,20.54454612
4/7/2014 5:10,18.75011219
4/7/2014 5:15,18.6829283
4/7/2014 5:20,21.48131037
4/7/2014 5:25,19.67877969
4/7/2014 5:30,20.61830606
4/7/2014 5:35,20.01628402
4/7/2014 5:40,20.90941407
4/7/2014 5:45,19.9169695
4/7/2014 5:50,19.14951966
4/7/2014 5:55,19.45353348
4/7/2014 6:00,21.43631078
4/7/2014 6:05,19.87213877
4/7/2014 6:10,18.85379733
4/7/2014 6:15,21.73842155
4/7/2014 6:20,21.18640183
4/7/2014 6:25,18.22266458
4/7/2014 6:30,21.99577185
4/7/2014 6:35,20.77970679
4/7/2014 6:40,18.6410664
4/7/2014 6:45,18.94867073
4/7/2014 6:50,20.76978193
4/7/2014 6:55,21.11904422
4/7/2014 7:00,18.95614377
4/7/2014 7:05,19.02787542
4/7/2014 7:10,19.22848278
4/7/2014 7:15,20.39207346
4/7/2014 7:20,18.68726471
4/7/2014 7:25,18.4169728
4/7/2014 7:30,20.71545636
4/7/2014 7:35,21.11639176
4/7/2014 7:40,20.00371762
4/7/2014 7:45,19.45533084
4/7/2014 7:50,19.72817085
4/7/2014 7:55,19.55363134
4/7/2014 8:00,21.83993963
4/7/2014 8:05,21.07235962
4/7/2014 8:10,18.83234886
4/7/2014 8:15,19.53675661
4/7/2014 8:20,20.17604917
4/7/2014 8:25,20.45194345
4/7/2014 8:30,19.87273558
4/7/2014 8:35,21.24050654
4/7/2014 8:40,21.07042408
4/7/2014 8:45,20.02063167
4/7/2014 8:50,21.41771755
4/7/2014 8:55,21.00435812
4/7/2014 9:00,71.78871314
4/7/2014 9:05,74.2070506
4/7/2014 9:10,64.8239504
4/7/2014 9:15,64.84001501
4/7/2014 9:20,73.28975068
4/7/2014 9:25,71.70227868
4/7/2014 9:30,73.80101936
4/7/2014 9:35,62.05857018
4/7/2014 9:40,69.73749625
4/7/2014 9:45,63.1669454
4/7/2014 9:50,68.0530019
4/7/2014 9:55,63.31815827
4/7/2014 10:00,71.82777846
4/7/2014 10:05,70.02885272
4/7/2014 10:10,79.62130637
4/7/2014 10:15,75.41203101
4/7/2014 10:20,71.47252218
4/7/2014 10:25,74.85044231
4/7/2014 10:30,72.4620123
4/7/2014 10:35,84.45510378
4/7/2014 10:40,74.80647583
4/7/2014 10:45,75.02295868
4/7/2014 10:50,82.87459621
4/7/2014 10:55,79.89316942
4/7/2014 11:00,82.86256924
4/7/2014 11:05,81.68297269
4/7/2014 11:10,86.6163057
4/7/2014 11:15,74.86014123
4/7/2014 11:20,87.2976801
4/7/2014 11:25,84.78352705
4/7/2014 11:30,80.93502005
4/7/2014 11:35,82.10235831
4/7/2014 11:40,81.88692674
4/7/2014 11:45,72.49673355
4/7/2014 11:50,75.03533439
4/7/2014 11:55,86.85923295
4/7/2014 12:00,80.45317106
4/7/2014 12:05,77.95999326
4/7/2014 12:10,84.09158428
4/7/2014 12:15,80.29583232
4/7/2014 12:20,72.12395162
4/7/2014 12:25,83.67926579
4/7/2014 12:30,83.61502238
4/7/2014 12:35,74.55280854
4/7/2014 12:40,87.20179354
4/7/2014 12:45,75.49183107
4/7/2014 12:50,79.22880109
4/7/2014 12:55,73.74717245
4/7/2014 13:00,81.63292051
4/7/2014 13:05,77.98849619
4/7/2014 13:10,77.63213921
4/7/2014 13:15,85.21117444
4/7/2014 13:20,72.13567069
4/7/2014 13:25,84.74680422
4/7/2014 13:30,81.12370269
4/7/2014 13:35,87.7565096
4/7/2014 13:40,81.41154807
4/7/2014 13:45,72.86857349
4/7/2014 13:50,72.79285075
4/7/2014 13:55,86.10977647
4/7/2014 14:00,85.45532428
4/7/2014 14:05,77.53051957
4/7/2014 14:10,81.8845891
4/7/2014 14:15,79.82962971
4/7/2014 14:20,87.4704261
4/7/2014 14:25,87.19518884
4/7/2014 14:30,87.73721255
4/7/2014 14:35,85.85905906
4/7/2014 14:40,86.54867092
4/7/2014 14:45,75.47283759
4/7/2014 14:50,85.29201441
4/7/2014 14:55,83.33771341
4/7/2014 15:00,87.40374506
4/7/2014 15:05,81.13941031
4/7/2014 15:10,73.36197039
4/7/2014 15:15,81.5575993
4/7/2014 15:20,82.98449819
4/7/2014 15:25,75.52441142
4/7/2014 15:30,78.3050624
4/7/2014 15:35,81.57527149
4/7/2014 15:40,77.98494313
4/7/2014 15:45,77.99841468
4/7/2014 15:50,74.12867458
4/7/2014 15:55,87.05111187
4/7/2014 16:00,84.00774886
4/7/2014 16:05,72.01975674
4/7/2014 16:10,84.24965078
4/7/2014 16:15,83.83655892
4/7/2014 16:20,72.15555682
4/7/2014 16:25,77.91351917
4/7/2014 16:30,81.70780617
4/7/2014 16:35,79.24385828
4/7/2014 16:40,84.44761576
4/7/2014 16:45,78.80718201
4/7/2014 16:50,74.46166454
4/7/2014 16:55,87.62248175
4/7/2014 17:00,75.87261075
4/7/2014 17:05,83.48304491
4/7/2014 17:10,74.29047246
4/7/2014 17:15,77.26417215
4/7/2014 17:20,79.07241137
4/7/2014 17:25,75.07568324
4/7/2014 17:30,79.19932281
4/7/2014 17:35,74.51457655
4/7/2014 17:40,80.94407354
4/7/2014 17:45,82.61938031
4/7/2014 17:50,72.99892051
4/7/2014 17:55,85.93808094
4/7/2014 18:00,29.98489591
4/7/2014 18:05,30.24231372
4/7/2014 18:10,33.03263263
4/7/2014 18:15,31.80000068
4/7/2014 18:20,31.99612569
4/7/2014 18:25,29.62018621
4/7/2014 18:30,33.95670274
4/7/2014 18:35,32.74914089
4/7/2014 18:40,29.66643938
4/7/2014 18:45,31.19358996
4/7/2014 18:50,33.98661704
4/7/2014 18:55,32.43746607
4/7/2014 19:00,20.6467454
4/7/2014 19:05,21.83003997
4/7/2014 19:10,21.24726974
4/7/2014 19:15,22.47824445
4/7/2014 19:20,23.93825654
4/7/2014 19:25,22.11447555
4/7/2014 19:30,22.10137108
4/7/2014 19:35,24.21597071
4/7/2014 19:40,22.7413094
4/7/2014 19:45,22.69653483
4/7/2014 19:50,21.33335515
4/7/2014 19:55,22.88259666
4/7/2014 20:00,20.79092903
4/7/2014 20:05,20.05750338
4/7/2014 20:10,22.48988877
4/7/2014 20:15,22.04422513
4/7/2014 20:20,21.50230519
4/7/2014 20:25,20.63296728
4/7/2014 20:30,20.3245967
4/7/2014 20:35,19.1893395
4/7/2014 20:40,19.68430046
4/7/2014 20:45,21.60214318
4/7/2014 20:50,20.29055547
4/7/2014 20:55,22.04577568
4/7/2014 21:00,18.68088439
4/7/2014 21:05,20.1295486
4/7/2014 21:10,20.68668443
4/7/2014 21:15,20.16371727
4/7/2014 21:20,21.66038067
4/7/2014 21:25,22.06365269
4/7/2014 21:30,18.55196261
4/7/2014 21:35,18.60871471
4/7/2014 21:40,18.61019863
4/7/2014 21:45,20.82418693
4/7/2014 21:50,19.58425972
4/7/2014 21:55,21.03373824
4/7/2014 22:00,19.64072289
4/7/2014 22:05,20.53011689
4/7/2014 22:10,21.09966827
4/7/2014 22:15,20.21224878
4/7/2014 22:20,20.17736605
4/7/2014 22:25,18.37055611
4/7/2014 22:30,19.66198436
4/7/2014 22:35,20.20248439
4/7/2014 22:40,19.8669773
4/7/2014 22:45,21.62386699
4/7/2014 22:50,21.6468836
4/7/2014 22:55,21.30810567
4/7/2014 23:00,19.50493653
4/7/2014 23:05,20.87320349
4/7/2014 23:10,19.58491342
4/7/2014 23:15,18.93400903
4/7/2014 23:20,19.37532992
4/7/2014 23:25,18.28736903
4/7/2014 23:30,19.33082084
4/7/2014 23:35,19.84677872
4/7/2014 23:40,21.82611339
4/7/2014 23:45,19.25733904
4/7/2014 23:50,21.61396324
4/7/2014 23:55,18.91906486
4/8/2014 0:00,18.76387559
4/8/2014 0:05,20.07598183
4/8/2014 0:10,20.69004548
4/8/2014 0:15,18.177329
4/8/2014 0:20,18.88426346
4/8/2014 0:25,19.82273467
4/8/2014 0:30,19.32401734
4/8/2014 0:35,20.85048432
4/8/2014 0:40,20.04464238
4/8/2014 0:45,18.64143642
4/8/2014 0:50,21.57786152
4/8/2014 0:55,19.1716227
4/8/2014 1:00,20.92452444
4/8/2014 1:05,21.11966312
4/8/2014 1:10,21.8526308
4/8/2014 1:15,19.99402987
4/8/2014 1:20,20.46334206
4/8/2014 1:25,19.33950517
4/8/2014 1:30,20.71271717
4/8/2014 1:35,19.85353394
4/8/2014 1:40,19.75060946
4/8/2014 1:45,21.42187012
4/8/2014 1:50,18.20067537
4/8/2014 1:55,21.52784971
4/8/2014 2:00,21.40827935
4/8/2014 2:05,20.02546501
4/8/2014 2:10,19.96081142
4/8/2014 2:15,19.44722947
4/8/2014 2:20,21.97669517
4/8/2014 2:25,18.44467733
4/8/2014 2:30,20.36086094
4/8/2014 2:35,20.72672636
4/8/2014 2:40,21.73732003
4/8/2014 2:45,21.12081399
4/8/2014 2:50,20.57538881
4/8/2014 2:55,18.46724927
4/8/2014 3:00,19.49493407
4/8/2014 3:05,18.55536657
4/8/2014 3:10,21.52485093
4/8/2014 3:15,20.99848462
4/8/2014 3:20,21.03014715
4/8/2014 3:25,20.60902607
4/8/2014 3:30,20.02817415
4/8/2014 3:35,18.59988424
4/8/2014 3:40,19.31877955
4/8/2014 3:45,18.54766317
4/8/2014 3:50,20.89965257
4/8/2014 3:55,18.6409151
4/8/2014 4:00,20.8084542
4/8/2014 4:05,20.76902156
4/8/2014 4:10,19.83721792
4/8/2014 4:15,18.54091462
4/8/2014 4:20,19.2592033
4/8/2014 4:25,19.28037244
4/8/2014 4:30,20.80154053
4/8/2014 4:35,18.45497208
4/8/2014 4:40,21.31627458
4/8/2014 4:45,21.04402916
4/8/2014 4:50,18.74522767
4/8/2014 4:55,20.87665753
4/8/2014 5:00,20.67405273
4/8/2014 5:05,20.9924832
4/8/2014 5:10,18.75571422
4/8/2014 5:15,18.63036129
4/8/2014 5:20,18.94593594
4/8/2014 5:25,19.46348681
4/8/2014 5:30,21.17465992
4/8/2014 5:35,20.95169575
4/8/2014 5:40,21.70180637
4/8/2014 5:45,18.23451824
4/8/2014 5:50,18.04622512
4/8/2014 5:55,20.79655532
4/8/2014 6:00,19.11714998
4/8/2014 6:05,19.33631558
4/8/2014 6:10,20.1872081
4/8/2014 6:15,18.40965249
4/8/2014 6:20,20.57077767
4/8/2014 6:25,19.30058978
4/8/2014 6:30,20.5308605
4/8/2014 6:35,21.33602765
4/8/2014 6:40,18.68444533
4/8/2014 6:45,21.72349237
4/8/2014 6:50,20.12275256
4/8/2014 6:55,21.69171106
4/8/2014 7:00,18.83092033
4/8/2014 7:05,20.41825066
4/8/2014 7:10,19.61554847
4/8/2014 7:15,21.09688876
4/8/2014 7:20,20.42363577
4/8/2014 7:25,19.97806183
4/8/2014 7:30,21.65194163
4/8/2014 7:35,19.50846826
4/8/2014 7:40,18.87992082
4/8/2014 7:45,20.43240475
4/8/2014 7:50,20.49611375
4/8/2014 7:55,19.75637849
4/8/2014 8:00,19.94644017
4/8/2014 8:05,21.83821366
4/8/2014 8:10,20.93074277
4/8/2014 8:15,18.44240701
4/8/2014 8:20,18.84852028
4/8/2014 8:25,21.90230654
4/8/2014 8:30,20.90586222
4/8/2014 8:35,21.6601805
4/8/2014 8:40,19.21544586
4/8/2014 8:45,20.96746744
4/8/2014 8:50,20.85601083
4/8/2014 8:55,19.17875994
4/8/2014 9:00,68.69110203
4/8/2014 9:05,69.73284551
4/8/2014 9:10,67.74339263
4/8/2014 9:15,72.44963041
4/8/2014 9:20,72.52701897
4/8/2014 9:25,72.76816746
4/8/2014 9:30,72.12656054
4/8/2014 9:35,67.83793529
4/8/2014 9:40,66.38756085
4/8/2014 9:45,72.50671746
4/8/2014 9:50,67.86673984
4/8/2014 9:55,64.55065102
4/8/2014 10:00,77.71397162
4/8/2014 10:05,72.04150924
4/8/2014 10:10,80.57408969
4/8/2014 10:15,75.05349829
4/8/2014 10:20,73.88542455
4/8/2014 10:25,84.68501574
4/8/2014 10:30,81.89719305
4/8/2014 10:35,82.05531868
4/8/2014 10:40,79.52016496
4/8/2014 10:45,82.86396202
4/8/2014 10:50,81.62220171
4/8/2014 10:55,79.13296789
4/8/2014 11:00,86.85372249
4/8/2014 11:05,74.61512608
4/8/2014 11:10,86.57151105
4/8/2014 11:15,77.95247253
4/8/2014 11:20,79.97165743
4/8/2014 11:25,73.52004614
4/8/2014 11:30,80.15786871
4/8/2014 11:35,81.28863218
4/8/2014 11:40,87.43544532
4/8/2014 11:45,87.07746011
4/8/2014 11:50,86.93758253
4/8/2014 11:55,77.10876371
4/8/2014 12:00,87.75483166
4/8/2014 12:05,79.19250525
4/8/2014 12:10,85.52662488
4/8/2014 12:15,75.37056616
4/8/2014 12:20,79.99721888
4/8/2014 12:25,87.35124611
4/8/2014 12:30,87.04791935
4/8/2014 12:35,82.84023034
4/8/2014 12:40,84.66331113
4/8/2014 12:45,74.73303975
4/8/2014 12:50,83.44628095
4/8/2014 12:55,81.79054636
4/8/2014 13:00,73.44719621
4/8/2014 13:05,73.79282957
4/8/2014 13:10,73.71740146
4/8/2014 13:15,83.56964943
4/8/2014 13:20,74.24961915
4/8/2014 13:25,79.46464025
4/8/2014 13:30,77.69305808
4/8/2014 13:35,80.78867232
4/8/2014 13:40,83.28363093
4/8/2014 13:45,82.93565126
4/8/2014 13:50,80.22905906
4/8/2014 13:55,79.41029493
4/8/2014 14:00,78.361288
4/8/2014 14:05,85.78644123
4/8/2014 14:10,77.28991878
4/8/2014 14:15,76.14619795
4/8/2014 14:20,83.88902103
4/8/2014 14:25,77.75248309
4/8/2014 14:30,85.5478711
4/8/2014 14:35,77.24251168
4/8/2014 14:40,83.2271221
4/8/2014 14:45,72.71825346
4/8/2014 14:50,78.16525397
4/8/2014 14:55,77.4879632
4/8/2014 15:00,85.06604319
4/8/2014 15:05,87.47204671
4/8/2014 15:10,79.37333844
4/8/2014 15:15,85.19656254
4/8/2014 15:20,83.19431654
4/8/2014 15:25,87.47733601
4/8/2014 15:30,84.97692044
4/8/2014 15:35,73.23894595
4/8/2014 15:40,83.4117068
4/8/2014 15:45,80.56722199
4/8/2014 15:50,72.2622832
4/8/2014 15:55,76.02027754
4/8/2014 16:00,86.74791736
4/8/2014 16:05,86.81681528
4/8/2014 16:10,84.78144458
4/8/2014 16:15,87.70830525
4/8/2014 16:20,84.90456058
4/8/2014 16:25,72.16312844
4/8/2014 16:30,76.60520236
4/8/2014 16:35,72.48984774
4/8/2014 16:40,73.50558637
4/8/2014 16:45,75.50130811
4/8/2014 16:50,80.05678303
4/8/2014 16:55,85.56034778
4/8/2014 17:00,85.79143515
4/8/2014 17:05,81.8591983
4/8/2014 17:10,86.85078167
4/8/2014 17:15,80.00096651
4/8/2014 17:20,86.2245436
4/8/2014 17:25,79.26501366
4/8/2014 17:30,76.43557077
4/8/2014 17:35,86.66257341
4/8/2014 17:40,78.20693118
4/8/2014 17:45,80.054435
4/8/2014 17:50,77.26174045
4/8/2014 17:55,82.60536988
4/8/2014 18:00,35.16819309
4/8/2014 18:05,28.96328115
4/8/2014 18:10,34.5590206
4/8/2014 18:15,28.82512123
4/8/2014 18:20,31.13105246
4/8/2014 18:25,29.87907782
4/8/2014 18:30,33.64698094
4/8/2014 18:35,29.12390379
4/8/2014 18:40,32.34229749
4/8/2014 18:45,30.68752136
4/8/2014 18:50,29.6554839
4/8/2014 18:55,33.73963008
4/8/2014 19:00,21.13402626
4/8/2014 19:05,21.16206379
4/8/2014 19:10,21.39234282
4/8/2014 19:15,22.78871385
4/8/2014 19:20,23.11530211
4/8/2014 19:25,20.2388582
4/8/2014 19:30,21.2435748
4/8/2014 19:35,22.09074816
4/8/2014 19:40,21.64725556
4/8/2014 19:45,24.12108323
4/8/2014 19:50,23.68893381
4/8/2014 19:55,22.96398691
4/8/2014 20:00,19.8166215
4/8/2014 20:05,21.30195367
4/8/2014 20:10,21.88754104
4/8/2014 20:15,20.86842498
4/8/2014 20:20,21.64515391
4/8/2014 20:25,21.50033366
4/8/2014 20:30,20.77383578
4/8/2014 20:35,19.71070222
4/8/2014 20:40,21.48672346
4/8/2014 20:45,19.27903769
4/8/2014 20:50,21.62478401
4/8/2014 20:55,21.72742299
4/8/2014 21:00,21.39076465
4/8/2014 21:05,19.98714382
4/8/2014 21:10,18.86001866
4/8/2014 21:15,18.48720905
4/8/2014 21:20,21.07411749
4/8/2014 21:25,21.6484617
4/8/2014 21:30,20.70224948
4/8/2014 21:35,18.66580807
4/8/2014 21:40,21.84393575
4/8/2014 21:45,22.06179876
4/8/2014 21:50,19.82823526
4/8/2014 21:55,20.47712175
4/8/2014 22:00,21.12917863
4/8/2014 22:05,20.96566689
4/8/2014 22:10,21.89214506
4/8/2014 22:15,18.47725351
4/8/2014 22:20,20.34240944
4/8/2014 22:25,20.78766269
4/8/2014 22:30,21.58109166
4/8/2014 22:35,21.51707508
4/8/2014 22:40,21.93303468
4/8/2014 22:45,20.06756019
4/8/2014 22:50,21.34351358
4/8/2014 22:55,19.72804758
4/8/2014 23:00,19.69303585
4/8/2014 23:05,19.01704403
4/8/2014 23:10,21.27703355
4/8/2014 23:15,21.94747353
4/8/2014 23:20,19.02901978
4/8/2014 23:25,18.22802546
4/8/2014 23:30,21.26625208
4/8/2014 23:35,20.48485254
4/8/2014 23:40,21.84298825
4/8/2014 23:45,19.01260659
4/8/2014 23:50,18.28762118
4/8/2014 23:55,19.97360324
4/9/2014 0:00,18.34186409
4/9/2014 0:05,19.04716
4/9/2014 0:10,18.50391144
4/9/2014 0:15,18.89652872
4/9/2014 0:20,18.42457861
4/9/2014 0:25,21.815624
4/9/2014 0:30,19.11425085
4/9/2014 0:35,19.77559034
4/9/2014 0:40,21.59444723
4/9/2014 0:45,20.70928635
4/9/2014 0:50,20.47214992
4/9/2014 0:55,20.82225276
4/9/2014 1:00,21.31528903
4/9/2014 1:05,21.51067707
4/9/2014 1:10,20.57055868
4/9/2014 1:15,21.5600291
4/9/2014 1:20,20.14159011
4/9/2014 1:25,19.10916343
4/9/2014 1:30,21.52030684
4/9/2014 1:35,20.16589131
4/9/2014 1:40,21.62455035
4/9/2014 1:45,18.16067126
4/9/2014 1:50,19.59006301
4/9/2014 1:55,21.79122007
4/9/2014 2:00,18.99860037
4/9/2014 2:05,21.76614498
4/9/2014 2:10,21.81560984
4/9/2014 2:15,21.52856926
4/9/2014 2:20,20.25467218
4/9/2014 2:25,20.5877578
4/9/2014 2:30,21.47846799
4/9/2014 2:35,21.10358833
4/9/2014 2:40,20.5203754
4/9/2014 2:45,21.92903763
4/9/2014 2:50,20.74270655
4/9/2014 2:55,21.90192797
4/9/2014 3:00,18.2295539
4/9/2014 3:05,18.55584148
4/9/2014 3:10,19.80583538
4/9/2014 3:15,19.53951784
4/9/2014 3:20,21.13093937
4/9/2014 3:25,18.64245611
4/9/2014 3:30,21.90438072
4/9/2014 3:35,19.2602635
4/9/2014 3:40,19.71569483
4/9/2014 3:45,19.09898013
4/9/2014 3:50,20.31745447
4/9/2014 3:55,18.2345148
4/9/2014 4:00,18.59871002
4/9/2014 4:05,20.98319081
4/9/2014 4:10,18.74600233
4/9/2014 4:15,18.94205781
4/9/2014 4:20,21.17192894
4/9/2014 4:25,18.37320471
4/9/2014 4:30,19.74989529
4/9/2014 4:35,18.09225355
4/9/2014 4:40,19.3872296
4/9/2014 4:45,20.79592561
4/9/2014 4:50,18.36041312
4/9/2014 4:55,21.55333851
4/9/2014 5:00,21.63799617
4/9/2014 5:05,18.4199615
4/9/2014 5:10,21.96292975
4/9/2014 5:15,19.19011821
4/9/2014 5:20,18.33640668
4/9/2014 5:25,18.02026846
4/9/2014 5:30,19.63409158
4/9/2014 5:35,20.51923994
4/9/2014 5:40,19.328717
4/9/2014 5:45,21.34686946
4/9/2014 5:50,20.8664251
4/9/2014 5:55,19.40064613
4/9/2014 6:00,20.93723867
4/9/2014 6:05,21.76195095
4/9/2014 6:10,18.37238399
4/9/2014 6:15,19.22441584
4/9/2014 6:20,19.85330376
4/9/2014 6:25,19.99196051
4/9/2014 6:30,20.16878258
4/9/2014 6:35,19.20250763
4/9/2014 6:40,20.66903858
4/9/2014 6:45,20.58033801
4/9/2014 6:50,20.31128603
4/9/2014 6:55,18.45504689
4/9/2014 7:00,19.90787156
4/9/2014 7:05,19.42490755
4/9/2014 7:10,19.96415388
4/9/2014 7:15,21.68746574
4/9/2014 7:20,19.92212537
4/9/2014 7:25,18.05592317
4/9/2014 7:30,19.75534695
4/9/2014 7:35,21.28259272
4/9/2014 7:40,21.12024369
4/9/2014 7:45,20.05356029
4/9/2014 7:50,18.99907605
4/9/2014 7:55,19.86035465
4/9/2014 8:00,20.25480888
4/9/2014 8:05,21.99948575
4/9/2014 8:10,20.57671236
4/9/2014 8:15,20.77705972
4/9/2014 8:20,19.96581657
4/9/2014 8:25,19.4179582
4/9/2014 8:30,21.25181193
4/9/2014 8:35,19.9797293
4/9/2014 8:40,21.97876052
4/9/2014 8:45,19.8284823
4/9/2014 8:50,18.27200113
4/9/2014 8:55,20.73031255
4/9/2014 9:00,61.83432373
4/9/2014 9:05,64.60682172
4/9/2014 9:10,66.01084024
4/9/2014 9:15,71.25697676
4/9/2014 9:20,67.9216086
4/9/2014 9:25,61.58958467
4/9/2014 9:30,69.58915798
4/9/2014 9:35,66.79553283
4/9/2014 9:40,73.73694934
4/9/2014 9:45,67.99404743
4/9/2014 9:50,70.84206198
4/9/2014 9:55,64.1766115
4/9/2014 10:00,81.65030972
4/9/2014 10:05,81.02922642
4/9/2014 10:10,83.87134812
4/9/2014 10:15,70.36491188
4/9/2014 10:20,76.78521083
4/9/2014 10:25,80.38049185
4/9/2014 10:30,71.31694373
4/9/2014 10:35,76.21257512
4/9/2014 10:40,84.46211528
4/9/2014 10:45,76.6057033
4/9/2014 10:50,85.13348224
4/9/2014 10:55,70.72214223
4/9/2014 11:00,82.98436476
4/9/2014 11:05,80.80848222
4/9/2014 11:10,79.52858303
4/9/2014 11:15,87.00835707
4/9/2014 11:20,73.62995997
4/9/2014 11:25,85.81796733
4/9/2014 11:30,82.5614875
4/9/2014 11:35,75.68707355
4/9/2014 11:40,85.90814609
4/9/2014 11:45,78.39550637
4/9/2014 11:50,84.51747143
4/9/2014 11:55,77.75205597
4/9/2014 12:00,85.51215537
4/9/2014 12:05,82.08744262
4/9/2014 12:10,74.16763804
4/9/2014 12:15,82.29573708
4/9/2014 12:20,74.97144238
4/9/2014 12:25,78.49645313
4/9/2014 12:30,74.63505967
4/9/2014 12:35,72.26543514
4/9/2014 12:40,75.29971641
4/9/2014 12:45,80.48525404
4/9/2014 12:50,79.60932951
4/9/2014 12:55,79.92792478
4/9/2014 13:00,75.94475894
4/9/2014 13:05,82.94266819
4/9/2014 13:10,83.24822822
4/9/2014 13:15,77.70883061
4/9/2014 13:20,86.07805772
4/9/2014 13:25,82.28461842
4/9/2014 13:30,83.38861033
4/9/2014 13:35,76.4190937
4/9/2014 13:40,71.99250381
4/9/2014 13:45,85.82540675
4/9/2014 13:50,85.13835204
4/9/2014 13:55,73.95331715
4/9/2014 14:00,77.98193885
4/9/2014 14:05,82.57746503
4/9/2014 14:10,82.42981689
4/9/2014 14:15,85.76148861
4/9/2014 14:20,74.24072686
4/9/2014 14:25,78.87524977
4/9/2014 14:30,73.55206002
4/9/2014 14:35,78.22976877
4/9/2014 14:40,72.23825153
4/9/2014 14:45,86.36822317
4/9/2014 14:50,80.42884318
4/9/2014 14:55,85.59272752
4/9/2014 15:00,72.95777481
4/9/2014 15:05,75.63860363
4/9/2014 15:10,76.14934888
4/9/2014 15:15,78.18631332
4/9/2014 15:20,84.84504744
4/9/2014 15:25,78.1841754
4/9/2014 15:30,75.27373384
4/9/2014 15:35,73.03914298
4/9/2014 15:40,73.27116456
4/9/2014 15:45,84.15994735
4/9/2014 15:50,79.11608833
4/9/2014 15:55,83.61809521
4/9/2014 16:00,82.91643475
4/9/2014 16:05,74.16565699
4/9/2014 16:10,74.28606432
4/9/2014 16:15,84.0853108
4/9/2014 16:20,83.5401323
4/9/2014 16:25,78.04834242
4/9/2014 16:30,73.23861559
4/9/2014 16:35,72.19342974
4/9/2014 16:40,76.6103641
4/9/2014 16:45,72.14741785
4/9/2014 16:50,75.68101663
4/9/2014 16:55,78.71186072
4/9/2014 17:00,73.94262385
4/9/2014 17:05,73.66841584
4/9/2014 17:10,86.34296582
4/9/2014 17:15,81.36748922
4/9/2014 17:20,86.9512576
4/9/2014 17:25,77.53318885
4/9/2014 17:30,82.83428719
4/9/2014 17:35,75.27503789
4/9/2014 17:40,81.89341363
4/9/2014 17:45,74.07334324
4/9/2014 17:50,72.03326257
4/9/2014 17:55,86.90447545
4/9/2014 18:00,32.3513178
4/9/2014 18:05,34.73241357
4/9/2014 18:10,30.93651581
4/9/2014 18:15,30.89782491
4/9/2014 18:20,31.36418599
4/9/2014 18:25,33.3186559
4/9/2014 18:30,32.42116903
4/9/2014 18:35,34.72226474
4/9/2014 18:40,28.96281621
4/9/2014 18:45,33.3324476
4/9/2014 18:50,30.91409128
4/9/2014 18:55,29.95348962
4/9/2014 19:00,22.44657116
4/9/2014 19:05,22.42268452
4/9/2014 19:10,20.77380827
4/9/2014 19:15,21.06449318
4/9/2014 19:20,21.98857649
4/9/2014 19:25,21.99147392
4/9/2014 19:30,21.58265928
4/9/2014 19:35,20.82548114
4/9/2014 19:40,20.17959298
4/9/2014 19:45,24.50665174
4/9/2014 19:50,24.38687521
4/9/2014 19:55,22.32675247
4/9/2014 20:00,22.50773171
4/9/2014 20:05,21.19128788
4/9/2014 20:10,18.71404025
4/9/2014 20:15,18.91417352
4/9/2014 20:20,22.18438975
4/9/2014 20:25,21.01269357
4/9/2014 20:30,21.88567987
4/9/2014 20:35,22.11131222
4/9/2014 20:40,20.26677024
4/9/2014 20:45,18.63076207
4/9/2014 20:50,19.20319608
4/9/2014 20:55,18.70467847
4/9/2014 21:00,18.84498314
4/9/2014 21:05,19.73641389
4/9/2014 21:10,18.56145658
4/9/2014 21:15,18.75653422
4/9/2014 21:20,19.87824686
4/9/2014 21:25,19.45361504
4/9/2014 21:30,19.96601148
4/9/2014 21:35,19.81132817
4/9/2014 21:40,20.67668603
4/9/2014 21:45,21.85315218
4/9/2014 21:50,18.5199283
4/9/2014 21:55,18.48534635
4/9/2014 22:00,21.43177921
4/9/2014 22:05,20.04481137
4/9/2014 22:10,21.08584308
4/9/2014 22:15,18.87979483
4/9/2014 22:20,21.33591311
4/9/2014 22:25,21.71621406
4/9/2014 22:30,20.56165231
4/9/2014 22:35,18.44120265
4/9/2014 22:40,21.60189718
4/9/2014 22:45,21.19027405
4/9/2014 22:50,21.02367447
4/9/2014 22:55,18.16433378
4/9/2014 23:00,21.1999197
4/9/2014 23:05,18.55536599
4/9/2014 23:10,18.8931715
4/9/2014 23:15,20.31243858
4/9/2014 23:20,19.0635826
4/9/2014 23:25,20.64935674
4/9/2014 23:30,20.43620479
4/9/2014 23:35,18.43613745
4/9/2014 23:40,20.62801814
4/9/2014 23:45,21.69998523
4/9/2014 23:50,18.64801935
4/9/2014 23:55,20.39216263
4/10/2014 0:00,19.36746149
4/10/2014 0:05,19.83844669
4/10/2014 0:10,19.14800072
4/10/2014 0:15,19.41652255
4/10/2014 0:20,18.11564729
4/10/2014 0:25,21.92620695
4/10/2014 0:30,20.49919969
4/10/2014 0:35,20.00282236
4/10/2014 0:40,19.5348614
4/10/2014 0:45,20.15749824
4/10/2014 0:50,19.52042399
4/10/2014 0:55,19.43963171
4/10/2014 1:00,19.85578617
4/10/2014 1:05,19.10393213
4/10/2014 1:10,18.7201996
4/10/2014 1:15,20.22642359
4/10/2014 1:20,21.37106174
4/10/2014 1:25,18.61131271
4/10/2014 1:30,18.13093736
4/10/2014 1:35,18.98724698
4/10/2014 1:40,21.91888257
4/10/2014 1:45,21.3150323
4/10/2014 1:50,20.38346421
4/10/2014 1:55,21.71699566
4/10/2014 2:00,19.78111647
4/10/2014 2:05,21.93312241
4/10/2014 2:10,19.18520818
4/10/2014 2:15,18.961223
4/10/2014 2:20,20.5521928
4/10/2014 2:25,19.51261587
4/10/2014 2:30,20.50546217
4/10/2014 2:35,19.21998207
4/10/2014 2:40,20.47167303
4/10/2014 2:45,19.10298504
4/10/2014 2:50,18.20388828
4/10/2014 2:55,21.64854361
4/10/2014 3:00,21.53282081
4/10/2014 3:05,21.8831926
4/10/2014 3:10,20.8661087
4/10/2014 3:15,20.73088471
4/10/2014 3:20,20.23601228
4/10/2014 3:25,18.50376967
4/10/2014 3:30,18.75694124
4/10/2014 3:35,19.15787875
4/10/2014 3:40,21.56062545
4/10/2014 3:45,18.6918781
4/10/2014 3:50,21.6914927
4/10/2014 3:55,20.09114293
4/10/2014 4:00,20.86227854
4/10/2014 4:05,18.44097795
4/10/2014 4:10,19.0761342
4/10/2014 4:15,21.83407443
4/10/2014 4:20,19.06459979
4/10/2014 4:25,19.18608688
4/10/2014 4:30,18.79038954
4/10/2014 4:35,18.51629466
4/10/2014 4:40,18.93303057
4/10/2014 4:45,20.56930757
4/10/2014 4:50,19.82147093
4/10/2014 4:55,20.21502335
4/10/2014 5:00,18.48945932
4/10/2014 5:05,21.20846579
4/10/2014 5:10,21.1363788
4/10/2014 5:15,18.08635964
4/10/2014 5:20,19.53406038
4/10/2014 5:25,18.27508241
4/10/2014 5:30,21.16842312
4/10/2014 5:35,20.94907873
4/10/2014 5:40,21.60795238
4/10/2014 5:45,18.94561584
4/10/2014 5:50,19.82518353
4/10/2014 5:55,18.73795151
4/10/2014 6:00,19.48493974
4/10/2014 6:05,20.08897301
4/10/2014 6:10,18.21332316
4/10/2014 6:15,20.85948164
4/10/2014 6:20,20.17317344
4/10/2014 6:25,21.31583607
4/10/2014 6:30,19.087122
4/10/2014 6:35,21.61328442
4/10/2014 6:40,21.99477701
4/10/2014 6:45,21.67719375
4/10/2014 6:50,21.1115699
4/10/2014 6:55,21.24947521
4/10/2014 7:00,20.29497697
4/10/2014 7:05,18.76061545
4/10/2014 7:10,20.70816274
4/10/2014 7:15,20.85101201
4/10/2014 7:20,21.94154056
4/10/2014 7:25,20.16520527
4/10/2014 7:30,19.08547606
4/10/2014 7:35,20.73469009
4/10/2014 7:40,21.91750328
4/10/2014 7:45,18.70885563
4/10/2014 7:50,19.30399167
4/10/2014 7:55,20.16752382
4/10/2014 8:00,18.68085854
4/10/2014 8:05,18.08888256
4/10/2014 8:10,19.34793249
4/10/2014 8:15,21.46148321
4/10/2014 8:20,18.1738736
4/10/2014 8:25,19.71571624
4/10/2014 8:30,21.04880309
4/10/2014 8:35,21.81273039
4/10/2014 8:40,21.9419016
4/10/2014 8:45,19.68787752
4/10/2014 8:50,21.80153718
4/10/2014 8:55,18.14167589
4/10/2014 9:00,71.34447036
4/10/2014 9:05,69.94134607
4/10/2014 9:10,64.59349726
4/10/2014 9:15,68.09953161
4/10/2014 9:20,62.96193083
4/10/2014 9:25,73.05372125
4/10/2014 9:30,66.06741396
4/10/2014 9:35,69.7142048
4/10/2014 9:40,63.35935749
4/10/2014 9:45,64.00384189
4/10/2014 9:50,74.69060664
4/10/2014 9:55,71.44197496
4/10/2014 10:00,84.76980342
4/10/2014 10:05,74.43161008
4/10/2014 10:10,72.39401585
4/10/2014 10:15,77.64762255
4/10/2014 10:20,77.51725174
4/10/2014 10:25,72.55516989
4/10/2014 10:30,81.21956772
4/10/2014 10:35,75.45478733
4/10/2014 10:40,72.73238838
4/10/2014 10:45,74.99238228
4/10/2014 10:50,78.58798302
4/10/2014 10:55,81.11482887
4/10/2014 11:00,79.23199265
4/10/2014 11:05,79.92706272
4/10/2014 11:10,73.77779617
4/10/2014 11:15,86.11524447
4/10/2014 11:20,86.33842964
4/10/2014 11:25,82.43721649
4/10/2014 11:30,71.84840993
4/10/2014 11:35,80.10962833
4/10/2014 11:40,81.57509853
4/10/2014 11:45,87.38698076
4/10/2014 11:50,87.40944886
4/10/2014 11:55,85.20744909
4/10/2014 12:00,72.93367032
4/10/2014 12:05,87.14771935
4/10/2014 12:10,81.70441686
4/10/2014 12:15,84.7124113
4/10/2014 12:20,78.42086749
4/10/2014 12:25,77.02217389
4/10/2014 12:30,79.31661204
4/10/2014 12:35,74.26077222
4/10/2014 12:40,77.61980255
4/10/2014 12:45,85.61901374
4/10/2014 12:50,72.52007913
4/10/2014 12:55,74.32475189
4/10/2014 13:00,73.98409811
4/10/2014 13:05,78.43038087
4/10/2014 13:10,87.93068198
4/10/2014 13:15,74.75578119
4/10/2014 13:20,74.30988374
4/10/2014 13:25,86.62009786
4/10/2014 13:30,86.0921412
4/10/2014 13:35,72.49844212
4/10/2014 13:40,84.00712881
4/10/2014 13:45,82.46765424
4/10/2014 13:50,84.26362483
4/10/2014 13:55,79.89286039
4/10/2014 14:00,87.85785012
4/10/2014 14:05,72.69806262
4/10/2014 14:10,75.74630939
4/10/2014 14:15,78.34097524
4/10/2014 14:20,79.19264564
4/10/2014 14:25,86.73771483
4/10/2014 14:30,80.95618374
4/10/2014 14:35,72.71828528
4/10/2014 14:40,78.52203818
4/10/2014 14:45,78.66007073
4/10/2014 14:50,87.44365752
4/10/2014 14:55,81.58323727
4/10/2014 15:00,82.1696283
4/10/2014 15:05,83.41124774
4/10/2014 15:10,84.31981957
4/10/2014 15:15,82.16002838
4/10/2014 15:20,75.79438199
4/10/2014 15:25,85.98390918
4/10/2014 15:30,83.71311315
4/10/2014 15:35,83.86912261
4/10/2014 15:40,87.94406356
4/10/2014 15:45,84.83961009
4/10/2014 15:50,85.26560389
4/10/2014 15:55,87.22165092
4/10/2014 16:00,74.41800111
4/10/2014 16:05,79.96348449
4/10/2014 16:10,81.2889163
4/10/2014 16:15,77.26826331
4/10/2014 16:20,85.43028948
4/10/2014 16:25,84.19855228
4/10/2014 16:30,83.53396881
4/10/2014 16:35,87.95422216
4/10/2014 16:40,76.14995577
4/10/2014 16:45,83.76715519
4/10/2014 16:50,80.82231642
4/10/2014 16:55,77.00767906
4/10/2014 17:00,74.5693613
4/10/2014 17:05,86.33410824
4/10/2014 17:10,81.52725642
4/10/2014 17:15,85.19890869
4/10/2014 17:20,80.72548875
4/10/2014 17:25,75.51960429
4/10/2014 17:30,77.40075129
4/10/2014 17:35,78.10459149
4/10/2014 17:40,87.56692337
4/10/2014 17:45,72.09010477
4/10/2014 17:50,87.77062266
4/10/2014 17:55,87.68735249
4/10/2014 18:00,35.17535831
4/10/2014 18:05,31.85015823
4/10/2014 18:10,34.96837069
4/10/2014 18:15,31.33182875
4/10/2014 18:20,28.96827886
4/10/2014 18:25,30.23581619
4/10/2014 18:30,34.84988928
4/10/2014 18:35,28.88808849
4/10/2014 18:40,32.29435627
4/10/2014 18:45,29.28384455
4/10/2014 18:50,30.63293222
4/10/2014 18:55,29.36378861
4/10/2014 19:00,24.01068691
4/10/2014 19:05,22.80799553
4/10/2014 19:10,24.20143564
4/10/2014 19:15,23.24382106
4/10/2014 19:20,24.51020916
4/10/2014 19:25,22.44425066
4/10/2014 19:30,23.02142214
4/10/2014 19:35,22.74186227
4/10/2014 19:40,22.3294855
4/10/2014 19:45,23.94989664
4/10/2014 19:50,23.04747134
4/10/2014 19:55,23.74987764
4/10/2014 20:00,21.65294642
4/10/2014 20:05,19.21452075
4/10/2014 20:10,21.09506958
4/10/2014 20:15,19.24975806
4/10/2014 20:20,20.82128043
4/10/2014 20:25,21.20677221
4/10/2014 20:30,22.51667458
4/10/2014 20:35,18.55709972
4/10/2014 20:40,18.80572862
4/10/2014 20:45,18.74750112
4/10/2014 20:50,20.06368759
4/10/2014 20:55,21.79722567
4/10/2014 21:00,21.47883116
4/10/2014 21:05,21.04846834
4/10/2014 21:10,21.69113298
4/10/2014 21:15,19.38403864
4/10/2014 21:20,18.4407111
4/10/2014 21:25,18.32012861
4/10/2014 21:30,21.51129177
4/10/2014 21:35,21.0221695
4/10/2014 21:40,20.89427459
4/10/2014 21:45,19.45162709
4/10/2014 21:50,19.61331489
4/10/2014 21:55,21.93724984
4/10/2014 22:00,18.27274398
4/10/2014 22:05,21.11517807
4/10/2014 22:10,19.25700228
4/10/2014 22:15,18.17364843
4/10/2014 22:20,20.9904119
4/10/2014 22:25,19.34219823
4/10/2014 22:30,20.90864311
4/10/2014 22:35,20.85061492
4/10/2014 22:40,20.15848107
4/10/2014 22:45,21.12975762
4/10/2014 22:50,20.34366447
4/10/2014 22:55,19.16492809
4/10/2014 23:00,20.940481
4/10/2014 23:05,20.36046772
4/10/2014 23:10,18.0543749
4/10/2014 23:15,21.61072517
4/10/2014 23:20,20.18644953
4/10/2014 23:25,21.47863217
4/10/2014 23:30,21.5350813
4/10/2014 23:35,19.78366436
4/10/2014 23:40,20.03448587
4/10/2014 23:45,19.66679285
4/10/2014 23:50,19.80154827
4/10/2014 23:55,21.58473211
4/11/2014 0:00,21.15257606
4/11/2014 0:05,18.50610271
4/11/2014 0:10,20.44123113
4/11/2014 0:15,21.98362656
4/11/2014 0:20,20.3822028
4/11/2014 0:25,21.1434865
4/11/2014 0:30,21.07624589
4/11/2014 0:35,19.4012701
4/11/2014 0:40,19.48739721
4/11/2014 0:45,20.89630569
4/11/2014 0:50,19.99993413
4/11/2014 0:55,20.28228284
4/11/2014 1:00,20.85162316
4/11/2014 1:05,21.11030011
4/11/2014 1:10,19.08606631
4/11/2014 1:15,18.58717504
4/11/2014 1:20,19.16717859
4/11/2014 1:25,20.0301533
4/11/2014 1:30,19.36856527
4/11/2014 1:35,20.27345104
4/11/2014 1:40,18.2138629
4/11/2014 1:45,20.03900165
4/11/2014 1:50,19.47193963
4/11/2014 1:55,20.13866702
4/11/2014 2:00,19.69013342
4/11/2014 2:05,19.1369034
4/11/2014 2:10,21.61643162
4/11/2014 2:15,18.73905995
4/11/2014 2:20,20.7254623
4/11/2014 2:25,21.69857885
4/11/2014 2:30,20.15467984
4/11/2014 2:35,21.50563395
4/11/2014 2:40,18.49940591
4/11/2014 2:45,19.97515508
4/11/2014 2:50,19.82810112
4/11/2014 2:55,18.03247523
4/11/2014 3:00,19.77302937
4/11/2014 3:05,19.47611903
4/11/2014 3:10,20.67919491
4/11/2014 3:15,21.75331911
4/11/2014 3:20,18.34316435
4/11/2014 3:25,19.30990555
4/11/2014 3:30,19.77625895
4/11/2014 3:35,19.82074151
4/11/2014 3:40,21.09923888
4/11/2014 3:45,19.77358266
4/11/2014 3:50,18.10864521
4/11/2014 3:55,20.84041638
4/11/2014 4:00,21.53931878
4/11/2014 4:05,20.05561885
4/11/2014 4:10,20.32443409
4/11/2014 4:15,18.65174576
4/11/2014 4:20,18.88258378
4/11/2014 4:25,18.94068096
4/11/2014 4:30,19.7229679
4/11/2014 4:35,21.71258088
4/11/2014 4:40,20.08713907
4/11/2014 4:45,18.76839058
4/11/2014 4:50,19.06435094
4/11/2014 4:55,19.53606012
4/11/2014 5:00,20.4930359
4/11/2014 5:05,19.76013261
4/11/2014 5:10,19.56977938
4/11/2014 5:15,20.2589144
4/11/2014 5:20,18.96733998
4/11/2014 5:25,18.31561309
4/11/2014 5:30,18.09765726
4/11/2014 5:35,19.00503665
4/11/2014 5:40,18.36636814
4/11/2014 5:45,19.34536255
4/11/2014 5:50,21.09173416
4/11/2014 5:55,20.86517732
4/11/2014 6:00,20.44371049
4/11/2014 6:05,21.41000098
4/11/2014 6:10,19.1282705
4/11/2014 6:15,21.54021501
4/11/2014 6:20,19.59695668
4/11/2014 6:25,19.60357327
4/11/2014 6:30,19.62140645
4/11/2014 6:35,18.39237747
4/11/2014 6:40,21.90196199
4/11/2014 6:45,18.55402711
4/11/2014 6:50,19.3635429
4/11/2014 6:55,19.27720128
4/11/2014 7:00,18.29871773
4/11/2014 7:05,18.60904052
4/11/2014 7:10,18.17943334
4/11/2014 7:15,19.16961797
4/11/2014 7:20,21.4666277
4/11/2014 7:25,19.35776882
4/11/2014 7:30,18.49476733
4/11/2014 7:35,20.58277547
4/11/2014 7:40,21.98640365
4/11/2014 7:45,18.92929516
4/11/2014 7:50,19.11828402
4/11/2014 7:55,21.88738822
4/11/2014 8:00,18.71510515
4/11/2014 8:05,20.04485627
4/11/2014 8:10,18.95860853
4/11/2014 8:15,21.72940759
4/11/2014 8:20,21.92608406
4/11/2014 8:25,21.25879138
4/11/2014 8:30,19.25913526
4/11/2014 8:35,19.6139499
4/11/2014 8:40,18.96922273
4/11/2014 8:45,21.56303187
4/11/2014 8:50,21.65823311
4/11/2014 8:55,19.67548265
4/11/2014 9:00,127.8820201
4/11/2014 9:05,115.7057189
4/11/2014 9:10,122.3864103
4/11/2014 9:15,127.2611778
4/11/2014 9:20,121.1579973
4/11/2014 9:25,120.4684682
4/11/2014 9:30,111.624775
4/11/2014 9:35,131.5464779
4/11/2014 9:40,133.6555728
4/11/2014 9:45,135.6426955
4/11/2014 9:50,129.4379304
4/11/2014 9:55,125.2100493
4/11/2014 10:00,138.1184797
4/11/2014 10:05,159.2597128
4/11/2014 10:10,147.3992427
4/11/2014 10:15,150.0462219
4/11/2014 10:20,150.0824825
4/11/2014 10:25,154.798492
4/11/2014 10:30,130.6001167
4/11/2014 10:35,136.6983514
4/11/2014 10:40,149.5938646
4/11/2014 10:45,156.2434205
4/11/2014 10:50,150.1674111
4/11/2014 10:55,142.2947078
4/11/2014 11:00,144.8354613
4/11/2014 11:05,156.0489471
4/11/2014 11:10,156.1469535
4/11/2014 11:15,152.1494717
4/11/2014 11:20,142.7473856
4/11/2014 11:25,161.6262124
4/11/2014 11:30,150.5056072
4/11/2014 11:35,157.6143483
4/11/2014 11:40,140.4486717
4/11/2014 11:45,144.3136632
4/11/2014 11:50,160.119473
4/11/2014 11:55,135.5567886
4/11/2014 12:00,150.160947
4/11/2014 12:05,149.2439254
4/11/2014 12:10,157.3184545
4/11/2014 12:15,143.2578863
4/11/2014 12:20,141.3756915
4/11/2014 12:25,162.558258
4/11/2014 12:30,151.9403064
4/11/2014 12:35,137.949132
4/11/2014 12:40,140.5958546
4/11/2014 12:45,164.7360306
4/11/2014 12:50,140.6729326
4/11/2014 12:55,153.1016696
4/11/2014 13:00,147.5629069
4/11/2014 13:05,161.5231647
4/11/2014 13:10,157.6113348
4/11/2014 13:15,152.8661353
4/11/2014 13:20,135.2846401
4/11/2014 13:25,161.3490963
4/11/2014 13:30,148.2988845
4/11/2014 13:35,162.9021389
4/11/2014 13:40,149.8246075
4/11/2014 13:45,155.7835187
4/11/2014 13:50,137.040763
4/11/2014 13:55,157.3109099
4/11/2014 14:00,145.1318305
4/11/2014 14:05,145.5326978
4/11/2014 14:10,138.5519899
4/11/2014 14:15,139.3979821
4/11/2014 14:20,140.5649746
4/11/2014 14:25,144.8381509
4/11/2014 14:30,161.7501251
4/11/2014 14:35,146.0397064
4/11/2014 14:40,156.7221879
4/11/2014 14:45,137.4747994
4/11/2014 14:50,152.7244924
4/11/2014 14:55,149.4484471
4/11/2014 15:00,164.3369153
4/11/2014 15:05,160.3844539
4/11/2014 15:10,148.6432442
4/11/2014 15:15,158.2525274
4/11/2014 15:20,140.7896004
4/11/2014 15:25,151.8684051
4/11/2014 15:30,137.2370492
4/11/2014 15:35,145.4410575
4/11/2014 15:40,141.7742927
4/11/2014 15:45,156.5655576
4/11/2014 15:50,149.70106
4/11/2014 15:55,157.5303668
4/11/2014 16:00,150.4585293
4/11/2014 16:05,137.594228
4/11/2014 16:10,157.060681
4/11/2014 16:15,159.9965229
4/11/2014 16:20,162.1055771
4/11/2014 16:25,152.1594208
4/11/2014 16:30,157.6072111
4/11/2014 16:35,157.5609805
4/11/2014 16:40,139.6721829
4/11/2014 16:45,139.9263102
4/11/2014 16:50,137.1262609
4/11/2014 16:55,144.5970882
4/11/2014 17:00,149.2051914
4/11/2014 17:05,164.9368624
4/11/2014 17:10,147.9297346
4/11/2014 17:15,156.7872081
4/11/2014 17:20,155.8018417
4/11/2014 17:25,141.1343959
4/11/2014 17:30,136.7551539
4/11/2014 17:35,151.3801354
4/11/2014 17:40,156.0090985
4/11/2014 17:45,164.9474805
4/11/2014 17:50,145.7582669
4/11/2014 17:55,161.890865
4/11/2014 18:00,44.9137656
4/11/2014 18:05,47.7425739
4/11/2014 18:10,46.90391339
4/11/2014 18:15,41.88739278
4/11/2014 18:20,42.12116134
4/11/2014 18:25,41.59101759
4/11/2014 18:30,44.81166061
4/11/2014 18:35,48.26135568
4/11/2014 18:40,42.98933718
4/11/2014 18:45,46.97383372
4/11/2014 18:50,44.05720283
4/11/2014 18:55,48.73231804
4/11/2014 19:00,26.70391377
4/11/2014 19:05,26.58808635
4/11/2014 19:10,25.32515823
4/11/2014 19:15,24.11421367
4/11/2014 19:20,26.75959515
4/11/2014 19:25,23.61794434
4/11/2014 19:30,24.14038584
4/11/2014 19:35,23.60709394
4/11/2014 19:40,26.07801645
4/11/2014 19:45,26.13862682
4/11/2014 19:50,25.96864762
4/11/2014 19:55,24.77462878
4/11/2014 20:00,19.35751911
4/11/2014 20:05,22.77020104
4/11/2014 20:10,21.07253136
4/11/2014 20:15,20.64853847
4/11/2014 20:20,21.41377461
4/11/2014 20:25,19.74726165
4/11/2014 20:30,19.49376477
4/11/2014 20:35,20.64244961
4/11/2014 20:40,19.89214418
4/11/2014 20:45,19.96397305
4/11/2014 20:50,22.69168777
4/11/2014 20:55,21.16943408
4/11/2014 21:00,20.14118846
4/11/2014 21:05,20.97380062
4/11/2014 21:10,22.03297674
4/11/2014 21:15,18.64066162
4/11/2014 21:20,21.55601319
4/11/2014 21:25,20.54757181
4/11/2014 21:30,18.7779418
4/11/2014 21:35,19.38815858
4/11/2014 21:40,20.13671179
4/11/2014 21:45,20.98066144
4/11/2014 21:50,19.16772042
4/11/2014 21:55,20.34896611
4/11/2014 22:00,20.78182296
4/11/2014 22:05,19.83613651
4/11/2014 22:10,21.4967242
4/11/2014 22:15,21.52251029
4/11/2014 22:20,19.924121
4/11/2014 22:25,21.93723756
4/11/2014 22:30,18.34040922
4/11/2014 22:35,18.05091747
4/11/2014 22:40,19.56328019
4/11/2014 22:45,20.44682935
4/11/2014 22:50,20.55947555
4/11/2014 22:55,19.94718695
4/11/2014 23:00,18.50722905
4/11/2014 23:05,18.68976179
4/11/2014 23:10,21.41749791
4/11/2014 23:15,21.48057673
4/11/2014 23:20,20.70420351
4/11/2014 23:25,20.66546514
4/11/2014 23:30,20.39921105
4/11/2014 23:35,18.81952921
4/11/2014 23:40,19.72120341
4/11/2014 23:45,20.79222457
4/11/2014 23:50,20.15739107
4/11/2014 23:55,18.08184025
4/12/2014 0:00,21.81422723
4/12/2014 0:05,21.37926421
4/12/2014 0:10,19.04218006
4/12/2014 0:15,20.46583574
4/12/2014 0:20,21.69295753
4/12/2014 0:25,18.38404405
4/12/2014 0:30,20.01211792
4/12/2014 0:35,19.8249721
4/12/2014 0:40,19.64082002
4/12/2014 0:45,21.34235444
4/12/2014 0:50,19.52258459
4/12/2014 0:55,18.25465333
4/12/2014 1:00,18.26335097
4/12/2014 1:05,18.17097843
4/12/2014 1:10,19.63658169
4/12/2014 1:15,20.87362511
4/12/2014 1:20,18.81488985
4/12/2014 1:25,20.58587408
4/12/2014 1:30,20.74835389
4/12/2014 1:35,19.0208085
4/12/2014 1:40,20.40223062
4/12/2014 1:45,20.73947336
4/12/2014 1:50,19.86645449
4/12/2014 1:55,19.34686639
4/12/2014 2:00,20.47660621
4/12/2014 2:05,21.91138835
4/12/2014 2:10,19.70736564
4/12/2014 2:15,19.56694039
4/12/2014 2:20,19.85706761
4/12/2014 2:25,18.30487357
4/12/2014 2:30,20.21265312
4/12/2014 2:35,19.31478955
4/12/2014 2:40,18.48568849
4/12/2014 2:45,19.86502696
4/12/2014 2:50,18.01353595
4/12/2014 2:55,19.60714098
4/12/2014 3:00,18.42294107
4/12/2014 3:05,18.09717081
4/12/2014 3:10,21.29790019
4/12/2014 3:15,21.66499521
4/12/2014 3:20,18.83069859
4/12/2014 3:25,20.15719306
4/12/2014 3:30,19.11183263
4/12/2014 3:35,19.97430975
4/12/2014 3:40,19.74652528
4/12/2014 3:45,19.07620422
4/12/2014 3:50,20.80157432
4/12/2014 3:55,18.50596384
4/12/2014 4:00,18.21229113
4/12/2014 4:05,21.07070173
4/12/2014 4:10,20.66372012
4/12/2014 4:15,19.9941045
4/12/2014 4:20,19.87115908
4/12/2014 4:25,19.98964552
4/12/2014 4:30,19.7480963
4/12/2014 4:35,19.57156918
4/12/2014 4:40,19.99876241
4/12/2014 4:45,20.11406068
4/12/2014 4:50,20.76760926
4/12/2014 4:55,20.84482864
4/12/2014 5:00,19.51051632
4/12/2014 5:05,19.65416209
4/12/2014 5:10,19.49478868
4/12/2014 5:15,20.14614309
4/12/2014 5:20,19.81341415
4/12/2014 5:25,21.55838585
4/12/2014 5:30,20.78544507
4/12/2014 5:35,21.59462554
4/12/2014 5:40,20.83654797
4/12/2014 5:45,21.88396859
4/12/2014 5:50,20.54294711
4/12/2014 5:55,21.85420055
4/12/2014 6:00,18.63267956
4/12/2014 6:05,18.20991072
4/12/2014 6:10,20.31650074
4/12/2014 6:15,21.93397282
4/12/2014 6:20,19.67042099
4/12/2014 6:25,18.84817345
4/12/2014 6:30,20.0861658
4/12/2014 6:35,20.5951945
4/12/2014 6:40,19.26071478
4/12/2014 6:45,20.85907743
4/12/2014 6:50,21.90045803
4/12/2014 6:55,21.58785249
4/12/2014 7:00,19.16634149
4/12/2014 7:05,19.30689473
4/12/2014 7:10,19.4861649
4/12/2014 7:15,19.57821111
4/12/2014 7:20,18.401278
4/12/2014 7:25,21.04785136
4/12/2014 7:30,19.46135705
4/12/2014 7:35,21.51927991
4/12/2014 7:40,21.70776249
4/12/2014 7:45,18.09772524
4/12/2014 7:50,21.95401228
4/12/2014 7:55,20.84009093
4/12/2014 8:00,20.0815689
4/12/2014 8:05,19.55811043
4/12/2014 8:10,20.07407253
4/12/2014 8:15,19.2984989
4/12/2014 8:20,20.49075125
4/12/2014 8:25,18.37192111
4/12/2014 8:30,20.48449041
4/12/2014 8:35,19.1013794
4/12/2014 8:40,18.07053932
4/12/2014 8:45,20.21082306
4/12/2014 8:50,20.31379102
4/12/2014 8:55,19.70627602
4/12/2014 9:00,62.18309276
4/12/2014 9:05,73.34946416
4/12/2014 9:10,69.51545898
4/12/2014 9:15,62.77370087
4/12/2014 9:20,68.14865584
4/12/2014 9:25,67.9626587
4/12/2014 9:30,62.02146542
4/12/2014 9:35,69.45329197
4/12/2014 9:40,72.19323903
4/12/2014 9:45,71.38650954
4/12/2014 9:50,63.96038403
4/12/2014 9:55,72.9271784
4/12/2014 10:00,75.15625441
4/12/2014 10:05,84.52981003
4/12/2014 10:10,70.9535284
4/12/2014 10:15,77.38595885
4/12/2014 10:20,79.10737033
4/12/2014 10:25,73.68352953
4/12/2014 10:30,81.81182053
4/12/2014 10:35,79.56942095
4/12/2014 10:40,70.12105847
4/12/2014 10:45,79.28188053
4/12/2014 10:50,77.4677422
4/12/2014 10:55,72.88237321
4/12/2014 11:00,87.4043798
4/12/2014 11:05,85.83646755
4/12/2014 11:10,76.22004238
4/12/2014 11:15,80.17319192
4/12/2014 11:20,76.60165003
4/12/2014 11:25,83.90148443
4/12/2014 11:30,86.36399111
4/12/2014 11:35,77.27481016
4/12/2014 11:40,84.3800119
4/12/2014 11:45,79.49467356
4/12/2014 11:50,77.87518544
4/12/2014 11:55,86.49266114
4/12/2014 12:00,80.07027525
4/12/2014 12:05,79.38319372
4/12/2014 12:10,82.65963969
4/12/2014 12:15,76.08833152
4/12/2014 12:20,77.10404991
4/12/2014 12:25,86.8084381
4/12/2014 12:30,82.75704975
4/12/2014 12:35,85.12392293
4/12/2014 12:40,76.24618285
4/12/2014 12:45,80.60380227
4/12/2014 12:50,87.43728946
4/12/2014 12:55,77.00674327
4/12/2014 13:00,74.54972739
4/12/2014 13:05,80.15493433
4/12/2014 13:10,78.18636819
4/12/2014 13:15,74.53534295
4/12/2014 13:20,86.19613009
4/12/2014 13:25,87.83049819
4/12/2014 13:30,81.07785154
4/12/2014 13:35,84.37457354
4/12/2014 13:40,85.72403521
4/12/2014 13:45,83.19574033
4/12/2014 13:50,72.68904723
4/12/2014 13:55,74.50426239
4/12/2014 14:00,73.13231654
4/12/2014 14:05,72.15461012
4/12/2014 14:10,76.89225153
4/12/2014 14:15,78.27393804
4/12/2014 14:20,75.85283461
4/12/2014 14:25,73.03016875
4/12/2014 14:30,80.47394652
4/12/2014 14:35,76.36944321
4/12/2014 14:40,84.73252712
4/12/2014 14:45,72.12537976
4/12/2014 14:50,85.47632976
4/12/2014 14:55,87.27186961
4/12/2014 15:00,83.45735981
4/12/2014 15:05,83.73750116
4/12/2014 15:10,86.93616239
4/12/2014 15:15,75.34441725
4/12/2014 15:20,87.91220513
4/12/2014 15:25,84.37488925
4/12/2014 15:30,83.62432853
4/12/2014 15:35,77.7767026
4/12/2014 15:40,80.73166474
4/12/2014 15:45,82.46189297
4/12/2014 15:50,81.9246993
4/12/2014 15:55,83.27895473
4/12/2014 16:00,73.31796705
4/12/2014 16:05,77.69022576
4/12/2014 16:10,78.94384869
4/12/2014 16:15,76.16992252
4/12/2014 16:20,74.76189278
4/12/2014 16:25,74.22269717
4/12/2014 16:30,77.86198478
4/12/2014 16:35,79.89491381
4/12/2014 16:40,73.00748287
4/12/2014 16:45,87.1431622
4/12/2014 16:50,84.24373142
4/12/2014 16:55,83.69346768
4/12/2014 17:00,74.76573969
4/12/2014 17:05,81.66078093
4/12/2014 17:10,80.47556825
4/12/2014 17:15,87.71946785
4/12/2014 17:20,83.96271608
4/12/2014 17:25,81.21215895
4/12/2014 17:30,85.61296979
4/12/2014 17:35,74.48147973
4/12/2014 17:40,72.24343673
4/12/2014 17:45,83.04370145
4/12/2014 17:50,73.57295511
4/12/2014 17:55,73.84690988
4/12/2014 18:00,33.5659502
4/12/2014 18:05,30.53141714
4/12/2014 18:10,32.82323348
4/12/2014 18:15,34.67139767
4/12/2014 18:20,30.82543108
4/12/2014 18:25,30.18971681
4/12/2014 18:30,29.4819968
4/12/2014 18:35,29.63495342
4/12/2014 18:40,29.19821964
4/12/2014 18:45,29.36090559
4/12/2014 18:50,31.56482331
4/12/2014 18:55,30.85353036
4/12/2014 19:00,23.32539117
4/12/2014 19:05,24.05868131
4/12/2014 19:10,23.67578265
4/12/2014 19:15,22.53725367
4/12/2014 19:20,20.61893955
4/12/2014 19:25,23.33975615
4/12/2014 19:30,21.78547149
4/12/2014 19:35,20.54371264
4/12/2014 19:40,23.93424819
4/12/2014 19:45,21.67520881
4/12/2014 19:50,21.13775361
4/12/2014 19:55,24.06410393
4/12/2014 20:00,22.12714006
4/12/2014 20:05,19.82042431
4/12/2014 20:10,19.88526637
4/12/2014 20:15,20.8061582
4/12/2014 20:20,21.4361761
4/12/2014 20:25,18.69065891
4/12/2014 20:30,20.86233537
4/12/2014 20:35,22.33475071
4/12/2014 20:40,19.50553637
4/12/2014 20:45,22.154556
4/12/2014 20:50,22.32388926
4/12/2014 20:55,19.53445308
4/12/2014 21:00,21.11768809
4/12/2014 21:05,19.04608447
4/12/2014 21:10,21.05100673
4/12/2014 21:15,21.2913903
4/12/2014 21:20,19.07996912
4/12/2014 21:25,20.96362282
4/12/2014 21:30,21.35041051
4/12/2014 21:35,19.52760016
4/12/2014 21:40,18.76043095
4/12/2014 21:45,18.45602394
4/12/2014 21:50,20.39897409
4/12/2014 21:55,22.01757191
4/12/2014 22:00,21.3122414
4/12/2014 22:05,19.76231217
4/12/2014 22:10,20.16582423
4/12/2014 22:15,19.13646492
4/12/2014 22:20,18.67016963
4/12/2014 22:25,19.94745581
4/12/2014 22:30,19.8730661
4/12/2014 22:35,20.10700401
4/12/2014 22:40,21.8321571
4/12/2014 22:45,20.43518015
4/12/2014 22:50,20.4426935
4/12/2014 22:55,18.52987066
4/12/2014 23:00,21.99017677
4/12/2014 23:05,21.09542932
4/12/2014 23:10,21.51294307
4/12/2014 23:15,19.66097583
4/12/2014 23:20,20.01235402
4/12/2014 23:25,20.0921922
4/12/2014 23:30,18.77998322
4/12/2014 23:35,20.76194215
4/12/2014 23:40,21.61605638
4/12/2014 23:45,18.658405
4/12/2014 23:50,18.34879538
4/12/2014 23:55,20.95689857
4/13/2014 0:00,19.09280733
4/13/2014 0:05,20.49545017
4/13/2014 0:10,20.78303335
4/13/2014 0:15,19.28764305
4/13/2014 0:20,21.26057839
4/13/2014 0:25,20.19995593
4/13/2014 0:30,21.47599763
4/13/2014 0:35,21.05317421
4/13/2014 0:40,21.47430253
4/13/2014 0:45,18.08064553
4/13/2014 0:50,18.97402504
4/13/2014 0:55,18.36003176
4/13/2014 1:00,19.76833207
4/13/2014 1:05,21.55984049
4/13/2014 1:10,19.87016105
4/13/2014 1:15,21.39885218
4/13/2014 1:20,19.30871295
4/13/2014 1:25,19.35828029
4/13/2014 1:30,21.58224692
4/13/2014 1:35,19.70326859
4/13/2014 1:40,21.15906195
4/13/2014 1:45,18.94657419
4/13/2014 1:50,21.79520332
4/13/2014 1:55,20.29831299
4/13/2014 2:00,21.03729427
4/13/2014 2:05,18.3580628
4/13/2014 2:10,19.9706569
4/13/2014 2:15,21.60415399
4/13/2014 2:20,21.50815452
4/13/2014 2:25,18.18725583
4/13/2014 2:30,19.21479388
4/13/2014 2:35,19.77328003
4/13/2014 2:40,18.68905926
4/13/2014 2:45,20.91999324
4/13/2014 2:50,18.73804798
4/13/2014 2:55,19.38655878
4/13/2014 3:00,20.65312255
4/13/2014 3:05,19.92835738
4/13/2014 3:10,20.95428415
4/13/2014 3:15,21.8448316
4/13/2014 3:20,18.46618675
